"","PORT_CODE","PACFIN_PORT_CODE","COUNTY_CODE","PORT_NAME","LATITUDE","LONGITUDE","COUNTY_CODE.1","COUNTY_NAME","STATE"
"1",642,"OCA","ICA","DELANO",35.7613309997261,-119.243864000223,"ICA","Inland Counties","CA"
"2",853,"OCA","ICA","EARP",34.1643419996838,-114.301585000147,"ICA","Inland Counties","CA"
"3",878,"OCA","ICA","EL CENTRO",32.7867909999049,-115.552500000275,"ICA","Inland Counties","CA"
"4",396,"OCA","ICA","EL DORADO HILLS",38.6865329995985,-121.080042000338,"ICA","Inland Counties","CA"
"5",709,"OLA","LAX","EL SEGUNDO",33.9164470001292,-118.396089000207,"LAX","Los Angeles","CA"
"6",220,"ERK","HMB","EUREKA",40.7861429998998,-124.16130899991,"HMB","Humboldt","CA"
"7",130,"EVR","SNO","EVERETT",47.9817970000318,-122.189544000155,"SNO","Snohomish","WA"
"8",266,"OSF","SOL","FAIRFIELD",38.2734939998484,-122.034049999807,"SOL","Solano","CA"
"9",506,"OCM","SCZ","FELTON",37.0551679998036,-122.050556000159,"SCZ","Santa Cruz","CA"
"10",214,"OHB","HMB","FERNDALE",40.5811199997884,-124.259968999969,"HMB","Humboldt","CA"
"11",216,"OCA","ICA","FIELDBROOK",40.9656119996943,-124.035944999562,"ICA","Inland Counties","CA"
"12",229,"ODN","DNT","FORT DICK",41.8679820001693,-124.14925699991,"DNT","Del Norte","CA"
"13",268,"OCM","SCZ","FREEDOM",36.9402289999686,-121.802752000304,"SCZ","Santa Cruz","CA"
"14",135,"FRI","SNJ","FRIDAY HARBOR",48.5362690001145,-123.02308300018,"SNJ","San Juan","WA"
"15",267,"OCA","ICA","GALT",38.2548010002662,-121.300673999905,"ICA","Inland Counties","CA"
"16",773,"OLA","LAX","GARDENA",33.894667000282,-118.309134000334,"LAX","Los Angeles","CA"
"17",604,"OBV","SBA","GAVIOTA",34.4732440004105,-120.214408999675,"SBA","Santa Barbara","CA"
"18",5,"GSS","CLP","GEARHART-SEASIDE",45.9931210001342,-123.920654999728,"CLP","Clatsop","OR"
"19",701,"OLA","LAX","GLENDALE",34.1649839996122,-118.232023000261,"LAX","Los Angeles","CA"
"20",313,"OCA","ICA","GLENN",39.5217709997321,-122.013988000046,"ICA","Inland Counties","CA"
"21",705,"OLA","LAX","GRANADA HILLS",34.2649080004041,-118.52340000041,"LAX","Los Angeles","CA"
"22",373,"OCA","ICA","GRIDLEY",39.363335999557,-121.697551999925,"ICA","Inland Counties","CA"
"23",490,"OSM","MRN","HAMLET",38.2107459443497,-122.924727824929,"MRN","Marin","CA"
"24",277,"OCA","ICA","HAPPY CAMP",41.7929560000196,-123.376397000321,"ICA","Inland Counties","CA"
"25",854,"OCA","ICA","HEMET",33.7386110000978,-116.98908300008,"ICA","Inland Counties","CA"
"26",756,"OLA","LAX","HERMOSA BEACH",33.8645370002825,-118.395427000256,"LAX","Los Angeles","CA"
"27",421,"LWC","PFC","ILWACO",46.3125830004054,-124.043194000203,"PFC","Pacific","WA"
"28",868,"OSD","SDG","IMPERIAL BEACH",32.5765599997443,-117.117836000231,"SDG","San Diego","CA"
"29",474,"OSM","MRN","INVERNESS",38.0834220003254,-122.83730900011,"MRN","Marin","CA"
"30",250,"OWC","JFW","KALALOCH",47.6051919996112,-124.370941000327,"JFW","Jefferson, West","WA"
"31",423,"OCR","CWL","KELSO",46.1244900004135,-122.8900519997,"CWL","Cowiltz","WA"
"32",644,"OCA","ICA","KERNVILLE",35.7658880003312,-118.432632000067,"ICA","Inland Counties","CA"
"33",210,"ODN","DNT","KLAMATH",41.527559000048,-124.036933000158,"DNT","Del Norte","CA"
"34",794,"OLA","LAX","LA CANADA",34.2044559996449,-118.200116000153,"LAX","Los Angeles","CA"
"35",652,"OCA","ICA","LAKE ISABELLA",35.6195389999251,-118.484436999568,"ICA","Inland Counties","CA"
"36",358,"OCA","ICA","LAKEPORT",39.04352999961,-122.9238180001,"ICA","Inland Counties","CA"
"37",260,"LAP","CLM","LAPUSH",47.9078090000855,-124.635495000094,"CLM","Clallam","WA"
"38",394,"OCA","ICA","LEE VINING",37.957543999656,-119.120201000076,"ICA","Inland Counties","CA"
"39",867,"OSD","SDG","LEUCADIA",33.0641920003608,-117.302253999822,"SDG","San Diego","CA"
"40",347,"OCA","ICA","LODI",38.1356739997556,-121.279195999596,"ICA","Inland Counties","CA"
"41",320,"OWC","PFC","LONG BEACH",46.3563980001678,-124.054223999838,"PFC","Pacific","WA"
"42",743,"LGB","LAX","LONG BEACH",33.7898490004313,-118.151824999924,"LAX","Los Angeles","CA"
"43",744,"OLA","LAX","LOS ANGELES",34.0522380001837,-118.243343999826,"LAX","Los Angeles","CA"
"44",264,"OCA","ICA","LOS MOLINOS",40.0279480003001,-122.09986499967,"ICA","Inland Counties","CA"
"45",557,"OCA","ICA","MADERA",36.9664790000061,-120.083180999603,"ICA","Inland Counties","CA"
"46",401,"OSF","ALM","FREMONT",37.5486129995905,-121.988486000328,"ALM","Alameda","CA"
"47",402,"OSF","CNC","ALAMO",37.8497789997014,-122.003596000155,"CNC","Contra Costa","CA"
"48",403,"OSF","SCL","LOS GATOS",37.2329019996278,-121.964384999568,"SCL","Santa Clara","CA"
"49",404,"OSM","MRN","FORREST KNOLLS",38.0153040003794,-122.687855000408,"MRN","Marin","CA"
"50",405,"OCA","ICA","SAINT HELENA",38.503183999842,-122.466860000289,"ICA","Inland Counties","CA"
"51",406,"OCA","ICA","MONTE VISTA",39.1898719996933,-120.831426999956,"ICA","Inland Counties","CA"
"52",408,"OSM","MRN","GREENBRAE",37.9460995684913,-122.521299634145,"MRN","Marin","CA"
"53",409,"OSF","SMT","FOSTER CITY",37.555110999773,-122.265122999726,"SMT","San Mateo","CA"
"54",410,"OSF","SMT","BURLINGAME",37.5842089998458,-122.366310000306,"SMT","San Mateo","CA"
"55",411,"OSF","SCL","LOS ALTOS",37.3691100000268,-122.096034000169,"SCL","Santa Clara","CA"
"56",412,"OSF","SOL","GLEN COVE",38.0660769999537,-122.203154000057,"SOL","Solano","CA"
"57",413,"OSF","ALM","LIVERMORE",37.6820340000693,-121.768367000137,"ALM","Alameda","CA"
"58",415,"OSM","MRN","NICASIO",38.0610280000424,-122.697630999771,"MRN","Marin","CA"
"59",416,"OSF","NPA","YOUNTVILLE",38.4011570000957,-122.360194999799,"NPA","Napa","CA"
"60",417,"OSF","ALM","NEWARK",37.528753000151,-122.025847000139,"ALM","Alameda","CA"
"61",419,"OSM","SON","SONOMA",38.2919419998237,-122.457775999562,"SON","Sonoma","CA"
"62",420,"OSM","SON","GUERNEVILLE",38.5099149999775,-122.985910000046,"SON","Sonoma","CA"
"63",422,"OSF","CNC","EL SOBRANTE",37.9781179996463,-122.295217999911,"CNC","Contra Costa","CA"
"64",423,"OSM","MRN","MUIR BEACH",37.8658099997319,-122.58707000038,"MRN","Marin","CA"
"65",424,"BDG","ICA","TIMBER COVE",38.5329280901847,-123.273469559207,"ICA","Inland Counties","CA"
"66",425,"OSF","ALM","EMERYVILLE",37.838410999768,-122.294663000397,"ALM","Alameda","CA"
"67",426,"OSM","MRN","KENTFIELD",37.9507639999588,-122.549660000109,"MRN","Marin","CA"
"68",427,"OMD","MDO","ANCHOR BAY",38.8028740002352,-123.577342000333,"MDO","Mendocino","CA"
"69",428,"OSF","CNC","EL CERRITO",37.9198319998472,-122.302315999883,"CNC","Contra Costa","CA"
"70",429,"OSF","NPA","NAPA",38.297435999572,-122.293357999572,"NPA","Napa","CA"
"71",430,"OSF","ALM","SAN LEANDRO",37.7258439996011,-122.156853999912,"ALM","Alameda","CA"
"72",432,"OSF","CNC","LAFAYETTE",37.8920249999541,-122.118765999851,"CNC","Contra Costa","CA"
"73",434,"OSF","SCL","MOUNTAIN VIEW",37.4004649998601,-122.073003000188,"SCL","Santa Clara","CA"
"74",435,"OSM","SON","HEALDSBURG",38.6206409997826,-122.863298999849,"SON","Sonoma","CA"
"75",436,"OSF","ALM","HAYWARD",37.6329379995892,-122.11026499993,"ALM","Alameda","CA"
"76",437,"OSM","MRN","DRAKES BAY",NA,NA,"MRN","Marin","CA"
"77",438,"OSF","SMT","SUNNYVALE",37.3691950003492,-122.036849000281,"SMT","San Mateo","CA"
"78",439,"OSF","SMT","PACIFICA",37.6146689997747,-122.486119999938,"SMT","San Mateo","CA"
"79",440,"SF","SFO","SAN FRANCISCO",37.7752059997573,-122.419208999895,"SFO","San Francisco","CA"
"80",441,"OSM","MRN","DILLON BEACH",38.251082999681,-122.964840999712,"MRN","Marin","CA"
"81",442,"OSF","SMT","REDWOOD CITY",37.4776519998401,-122.223384000371,"SMT","San Mateo","CA"
"82",443,"OSF","SMT","MOSS BEACH",37.520923999743,-122.506331000275,"SMT","San Mateo","CA"
"83",444,"OSF","SMT","SAN CARLOS",37.4984759996677,-122.268634999805,"SMT","San Mateo","CA"
"84",445,"OSF","SMT","MARTINS BEACH",37.3762094704917,-122.406901217546,"SMT","San Mateo","CA"
"85",446,"OSF","SCL","CAMPBELL",37.2791320001419,-121.956294999714,"SCL","Santa Clara","CA"
"86",447,"OSM","SON","STEWARTS POINT",38.6519120002389,-123.399446000233,"SON","Sonoma","CA"
"87",448,"OSF","SMT","DALY CITY",37.684483999737,-122.472292999922,"SMT","San Mateo","CA"
"88",449,"OSF","SCL","ALVISO",37.4259859995544,-121.974809000035,"SCL","Santa Clara","CA"
"89",450,"OSF","CNC","PINOLE",37.9908020000125,-122.285166999557,"CNC","Contra Costa","CA"
"90",451,"OSF","CNC","RODEO",38.027921000354,-122.266026,"CNC","Contra Costa","CA"
"91",452,"PRN","SMT","PRINCETON / HALF MOON BAY",37.4699869998003,-122.433822000185,"SMT","San Mateo","CA"
"92",453,"OSF","SOL","VALLEJO",38.1401860000839,-122.231524999879,"SOL","Solano","CA"
"93",454,"OSF","SCL","SAN JOSE",37.3200520003997,-121.877636000201,"SCL","Santa Clara","CA"
"94",455,"OSF","MRN","CHINA CAMP",38.0008224813388,-122.461701400948,"MRN","Marin","CA"
"95",457,"OSM","MRN","NOVATO",38.0879379999389,-122.565090000303,"MRN","Marin","CA"
"96",458,"OCA","ICA","PEDRO VALLEY",NA,NA,"ICA","Inland Counties","CA"
"97",459,"OSM","SON","PETALUMA",38.2458480001852,-122.628754999943,"SON","Sonoma","CA"
"98",462,"OSM","MRN","MARSHALL",38.1631509997191,-122.892551999875,"MRN","Marin","CA"
"99",463,"OSF","MRN","MCNEARS POINT",37.9855503619258,-122.448533096429,"MRN","Marin","CA"
"100",464,"OAK","ALM","OAKLAND",37.7723080001144,-122.214898000242,"ALM","Alameda","CA"
"101",762,"OLA","LAX","MANHATTAN BEACH",33.8874199997334,-118.396090000253,"LAX","Los Angeles","CA"
"102",145,"BLL","WHT","MARIETTA",48.7870780000498,-122.580668000128,"WHT","Whatcom","WA"
"103",598,"OCM","MTY","MARINA",36.6805439999059,-121.784933999704,"MTY","Monterey","CA"
"104",348,"OSF","CNC","MARTINEZ",37.9938700003005,-122.100488999667,"CNC","Contra Costa","CA"
"105",234,"OHB","HMB","MCKINLEYVILLE",40.9562430002144,-124.100833999889,"HMB","Humboldt","CA"
"106",232,"OHB","HMB","MIRANDA",40.2345169997599,-123.824376999799,"HMB","Humboldt","CA"
"107",869,"OSD","SDG","MISSION BAY",32.778,-117.247,"SDG","San Diego","CA"
"108",712,"OLA","ORG","MISSION VIEJO",33.6279489996468,-117.651384000371,"ORG","Orange","CA"
"109",376,"OCA","ICA","MODESTO",37.6455110002328,-120.988700999651,"ICA","Inland Counties","CA"
"110",550,"MNT","MTY","MONTEREY",36.5937799998474,-121.88246499986,"MTY","Monterey","CA"
"111",592,"MOS","MTY","MOSS LANDING",36.8041160003532,-121.783769999985,"MTY","Monterey","CA"
"112",330,"WLB","PFC","NAHCOTTA",46.4989140000812,-124.033513999871,"PFC","Pacific","WA"
"113",150,"NEA","CLM","NEAH BAY",48.3659539997774,-124.611604000024,"CLM","Clallam","WA"
"114",12,"NTR","TLM","NETARTS",45.4325280001673,-123.944719999728,"TLM","Tillamook","OR"
"115",24,"NEW","LCN","NEWPORT",44.6515229999867,-124.053042000188,"LCN","Lincoln","OR"
"116",631,"OSL","SLO","NIPOMO",35.0307730002739,-120.495051000303,"SLO","San Luis Obispo","CA"
"117",863,"OSD","RVS","NORTH SHORE",33.5127777777779,-115.927222222222,"RVS","Riverside","CA"
"118",728,"OLA","LAX","NORWALK",33.9028079997896,-118.082530999706,"LAX","Los Angeles","CA"
"119",387,"OSF","CNC","OAKLEY",37.9892690003642,-121.713957000115,"CNC","Contra Costa","CA"
"120",885,"OSD","SDG","OCEAN BEACH",32.7451709997421,-117.252518000405,"SDG","San Diego","CA"
"121",752,"OLA","LAX","OCEAN PARK",34.0018539996624,-118.484502999913,"LAX","Los Angeles","CA"
"122",339,"OCA","ICA","OLD RIVER",35.2671619998266,-119.109599000393,"ICA","Inland Counties","CA"
"123",804,"OLA","SBN","ONTARIO",34.0550820000344,-117.650788999912,"SBN","San Bernadino","CA"
"124",726,"OLA","ORG","ORANGE",33.7881330004378,-117.853250999734,"ORG","Orange","CA"
"125",256,"OCA","ICA","ORANGEVALE",38.6884980002827,-121.225524000332,"ICA","Inland Counties","CA"
"126",587,"OCM","MTY","PACIFIC GROVE",36.619686000209,-121.921852999616,"MTY","Monterey","CA"
"127",874,"OCA","ICA","PALM CITY",32.5837789999011,-117.084090999899,"ICA","Inland Counties","CA"
"128",858,"OCA","ICA","PALO VERDE",33.433139000165,-114.732492000106,"ICA","Inland Counties","CA"
"129",513,"OSL","SLO","PASO ROBLES",35.6388720002429,-120.660263000037,"SLO","San Luis Obispo","CA"
"130",370,"OCA","ICA","PATTERSON",37.4746420004283,-121.140886000289,"ICA","Inland Counties","CA"
"131",482,"OSF","SMT","PESCADERO",37.2530159999885,-122.376783000335,"SMT","San Mateo","CA"
"132",430,"OCR","WKK","PILLAR ROCK",46.2605368712473,-123.586646466713,"WKK","Wahkiakum","WA"
"133",610,"OSL","SLO","PISMO BEACH",35.1463170001296,-120.644906999658,"SLO","San Luis Obispo","CA"
"134",306,"OCA","ICA","PLACERVILLE",38.728210999738,-120.805414000056,"ICA","Inland Counties","CA"
"135",308,"OSF","ALM","PLEASANTON",37.6760270000462,-121.89703900015,"ALM","Alameda","CA"
"136",757,"OLA","LAX","POINT DUME",34.0008722222223,-118.806838888889,"LAX","Los Angeles","CA"
"137",881,"OSD","SDG","POINT LOMA",32.684139000115,-117.23917400018,"SDG","San Diego","CA"
"138",481,"OSF","SMT","POINT MONTARA",37.5362769673102,-122.519236354602,"SMT","San Mateo","CA"
"139",605,"HNM","VNT","PORT HUENEME",34.1610810003881,-119.195254999718,"VNT","Ventura","CA"
"140",38,"ORF","CRY","PORT ORFORD",42.7504439998908,-124.497361999956,"CRY","Curry","OR"
"141",169,"OSP","KTS","POULSBO",47.7334470001792,-122.637073999565,"KTS","Kitsap","WA"
"142",280,"OWC","JFW","QUEETS",47.5394589999332,-124.331826999716,"JFW","Jefferson, West","WA"
"143",285,"OWC","CLM","QUILLAYUTE",47.9424939996986,-124.540802999559,"CLM","Clallam","WA"
"144",706,"OLA","LAX","RANCHO PALOS VERDES",33.7628960003503,-118.369924999639,"LAX","Los Angeles","CA"
"145",245,"OCA","ICA","RED BLUFF",40.1763209996146,-122.239839000169,"ICA","Inland Counties","CA"
"146",654,"OCA","ICA","RIDGECREST",35.6370089997656,-117.669813000369,"ICA","Inland Counties","CA"
"147",434,"OCR","CLK","RIDGEFIELD",45.8074359996719,-122.733730999886,"CLK","Clark","WA"
"148",393,"OCA","ICA","RIO LINDA",38.6838770003236,-121.456878999766,"ICA","Inland Counties","CA"
"149",316,"OCA","ICA","RIPON",37.7394320002868,-121.130798000027,"ICA","Inland Counties","CA"
"150",498,"OSF","SMT","ROCKAWAY BEACH",37.609776821525,-122.496861778398,"SMT","San Mateo","CA"
"151",265,"OCA","ICA","ROSEVILLE",38.7613750002562,-121.294140999907,"ICA","Inland Counties","CA"
"152",330,"OCA","ICA","SACRAMENTO",38.5736589996633,-121.487146999834,"ICA","Inland Counties","CA"
"153",873,"OCA","ICA","SALTON SEA",33.2994829996409,-115.962699000358,"ICA","Inland Counties","CA"
"154",766,"OLA","ORG","SAN CLENENTE",33.4443789995913,-117.613546000148,"ORG","Orange","CA"
"155",880,"SD","SDG","SAN DIEGO",32.7188340001892,-117.163841000262,"SDG","San Diego","CA"
"156",465,"OSF","SMT","SAN MATEO",37.5590899998039,-122.321835999831,"SMT","San Mateo","CA"
"157",770,"SP","LAX","SAN PEDRO",33.7360430003843,-118.287925999885,"LAX","Los Angeles","CA"
"158",615,"OSL","SLO","SAN SIMEON",35.6802089999456,-121.182555000013,"SLO","San Luis Obispo","CA"
"159",870,"OSD","SDG","SAN YSIDRO",33.253749999563,-116.571257999957,"SDG","San Diego","CA"
"160",771,"OLA","ORG","SANTA ANA",33.7455299999097,-117.867623999748,"ORG","Orange","CA"
"161",612,"OBV","SBA","SANTA MARIA",34.9208909998199,-120.435925999585,"SBA","Santa Barbara","CA"
"162",655,"OBV","VNT","SANTA PAULA",34.3502949999146,-119.07161299964,"VNT","Ventura","CA"
"163",218,"OHB","HMB","SCOTIA",40.4836980001629,-124.102723999813,"HMB","Humboldt","CA"
"164",760,"OLA","ORG","SEAL BEACH",33.7594790001559,-118.074166999807,"ORG","Orange","CA"
"165",170,"SEA","KNG","SEATTLE",47.6209729998044,-122.347276000287,"KNG","King","WA"
"166",492,"OSM","SON","SEBASTOPOL",38.4020839996771,-122.824191000414,"SON","Sonoma","CA"
"167",629,"OSL","SLO","SHELL BEACH",35.1570250002038,-120.670504000159,"SLO","San Luis Obispo","CA"
"168",444,"OCR","SKM","SKAMANIA",45.617680000332,-122.039725999855,"SKM","Skamania","WA"
"169",203,"ODN","DNT","SMITH RIVER",41.9300780002998,-124.146005000131,"DNT","Del Norte","CA"
"170",895,"OSD","SDG","SOLANA BEACH",32.9918340000392,-117.271731999732,"SDG","San Diego","CA"
"171",645,"OBV","SBA","SOLVANG",34.5960270004458,-120.141082999681,"SBA","Santa Barbara","CA"
"172",301,"OCA","ICA","SONORA",37.9829430000197,-120.382117000299,"ICA","Inland Counties","CA"
"173",702,"OLA","LAX","SOUTH GATE",33.9444239997679,-118.207532000401,"LAX","Los Angeles","CA"
"174",865,"OSD","SDG","SPRING VALLEY",32.7309800000273,-116.971596000355,"SDG","San Diego","CA"
"175",325,"OSF","SOL","SUISUN CITY",38.2430269995965,-121.994770999682,"SOL","Solano","CA"
"176",739,"OLA","LAX","SUNSET BEACH",33.7165030004134,-118.068741999643,"LAX","Los Angeles","CA"
"177",468,"OSM","MRN","SAN RAFAEL",37.9712100003414,-122.528530999706,"MRN","Marin","CA"
"178",469,"SLT","MRN","SAUSALITO",37.8612190002569,-122.489460000179,"MRN","Marin","CA"
"179",470,"OSF","SMT","SOUTH SAN FRANCISCO",37.654660000359,-122.407879999962,"SMT","San Mateo","CA"
"180",471,"ALM","ALM","ALAMEDA",37.7762480001453,-122.276682000374,"ALM","Alameda","CA"
"181",472,"BKL","ALM","BERKELEY",37.8721849996382,-122.268407000083,"ALM","Alameda","CA"
"182",473,"BDG","SON","BODEGA BAY",38.3228430003044,-123.036913000334,"SON","Sonoma","CA"
"183",475,"OSM","SON","SANTA ROSA",38.4456250002938,-122.717692000385,"SON","Sonoma","CA"
"184",476,"RYS","MRN","POINT REYES",NA,NA,"MRN","Marin","CA"
"185",477,"TML","MRN","TOMALES BAY",NA,NA,"MRN","Marin","CA"
"186",478,"RCH","CNC","RICHMOND",37.9301839996921,-122.344820000343,"CNC","Contra Costa","CA"
"187",479,"OSF","SMT","PIGEON POINT",37.1819043848171,-122.394111968514,"SMT","San Mateo","CA"
"188",483,"OSF","SMT","POINT SAN PEDRO",37.5936056189325,-122.518075698475,"SMT","San Mateo","CA"
"189",484,"OSF","ALM","ALBANY",37.8902679998684,-122.298998999804,"ALM","Alameda","CA"
"190",485,"OSF","SFO","FARALLONE IS",NA,NA,"SFO","San Francisco","CA"
"191",486,"OSM","MRN","MILLERTON",38.1089971563495,-122.845143707747,"MRN","Marin","CA"
"192",487,"BOL","MRN","BOLINAS",37.9053359995569,-122.696479999752,"MRN","Marin","CA"
"193",488,"OSM","MRN","MARCONI",38.1429846700905,-122.87618547605,"MRN","Marin","CA"
"194",489,"OSM","SON","JENNER",38.4490859998192,-123.114721000174,"SON","Sonoma","CA"
"195",494,"OSF","SMT","PALO ALTO",37.4373280000874,-122.159927999577,"SMT","San Mateo","CA"
"196",495,"OCA","ICA","CALIFORNIA CITY",35.1853450003717,-117.837938000438,"ICA","Inland Counties","CA"
"197",497,"OSM","MRN","STINSON BEACH",37.8984969998369,-122.639764999555,"MRN","Marin","CA"
"198",499,"OSM","SON","WINDSOR",38.5456440000708,-122.804958000211,"SON","Sonoma","CA"
"199",501,"OCA","ICA","CERES",37.5946999998054,-120.960004000084,"ICA","Inland Counties","CA"
"200",502,"OCM","SCZ","SOQUEL",36.9881320002918,-121.957344999572,"SCZ","Santa Cruz","CA"
"201",503,"OCA","ICA","KINGSBURG",36.5179129995854,-119.556298000152,"ICA","Inland Counties","CA"
"202",504,"OCA","ICA","CLOVIS",36.826570999852,-119.70066499999,"ICA","Inland Counties","CA"
"203",505,"OCA","ICA","LOS BANOS",37.066162999623,-120.842336000306,"ICA","Inland Counties","CA"
"204",507,"OCM","SBT","SAN JUAN BAUTISTA",36.8456579996173,-121.538351000398,"SBT","San Benito","CA"
"205",510,"OCA","ICA","OAKHURST",37.3329669997274,-119.650945000411,"ICA","Inland Counties","CA"
"206",511,"OCM","MTY","BIG SUR",36.2699729997543,-121.80774799957,"MTY","Monterey","CA"
"207",512,"OSL","SLO","SAN MIGUEL",35.7527689996899,-120.696149000176,"SLO","San Luis Obispo","CA"
"208",514,"OCA","ICA","COALINGA",36.1438909995702,-120.356359999614,"ICA","Inland Counties","CA"
"209",515,"OCM","MTY","BIG CREEK",36.0700184050059,-121.599973020158,"MTY","Monterey","CA"
"210",516,"OCM","MTY","MILL CREEK",35.9832016879596,-121.491519743637,"MTY","Monterey","CA"
"211",517,"OCM","MTY","WILLOW CREEK",40.8870120002038,-123.661400999756,"MTY","Monterey","CA"
"212",549,"OCM","MTY","FORT ORD",36.6215017310419,-121.76957836661,"MTY","Monterey","CA"
"213",552,"OCM","SCL","GILROY",37.013449999618,-121.581646999609,"SCL","Santa Clara","CA"
"214",553,"OCM","SCL","MORGAN HILL",37.1252539996726,-121.650001999692,"SCL","Santa Clara","CA"
"215",556,"OCA","ICA","PIXLEY",35.9736119999939,-119.292035000315,"ICA","Inland Counties","CA"
"216",558,"OCA","ICA","FRESNO",36.7433129995954,-119.789382000179,"ICA","Inland Counties","CA"
"217",559,"OCA","ICA","CHOWCHILLA",37.1174129996105,-120.247722999916,"ICA","Inland Counties","CA"
"218",560,"OCA","ICA","DOS PALOS",36.9860709996771,-120.635566999717,"ICA","Inland Counties","CA"
"219",581,"OCM","SBT","HOLLISTER",36.8566789997362,-121.40207000023,"SBT","San Benito","CA"
"220",584,"OCM","MTY","LUCIA",36.0206380003435,-121.54666499979,"MTY","Monterey","CA"
"221",585,"OCM","MTY","PEBBLE BEACH",36.5867840000818,-121.943354000087,"MTY","Monterey","CA"
"222",586,"OCM","MTY","POINT LOBOS",36.5171000000001,-121.9426,"MTY","Monterey","CA"
"223",588,"OCM","MTY","SEASIDE",36.6216410004321,-121.817303000433,"MTY","Monterey","CA"
"224",589,"OCM","MTY","CARMEL",36.5525479995907,-121.919842999555,"MTY","Monterey","CA"
"225",590,"OCM","MTY","SALINAS",36.6775399998713,-121.656006999623,"MTY","Monterey","CA"
"226",591,"OCM","SCZ","CAPITOLA",36.9786870000053,-121.953123000026,"SCZ","Santa Cruz","CA"
"227",593,"CRZ","SCZ","SANTA CRUZ",36.9779049999161,-122.033316000133,"SCZ","Santa Cruz","CA"
"228",594,"OCM","SCZ","WATSONVILLE",36.9165370000828,-121.771630999571,"SCZ","Santa Cruz","CA"
"229",596,"OCM","SCZ","DAVENPORT",37.0099619997467,-122.192473000329,"SCZ","Santa Cruz","CA"
"230",599,"OCM","SCZ","APTOS",36.9915159998638,-121.894219999653,"SCZ","Santa Cruz","CA"
"231",600,"OBV","SBA","SANTA BARBARA AREA",NA,NA,"SBA","Santa Barbara","CA"
"232",601,"OSL","SLO","ARROYO GRANDE",35.1221039996001,-120.581996999762,"SLO","San Luis Obispo","CA"
"233",602,"AVL","SLO","AVILA",35.1821339997845,-120.732715000197,"SLO","San Luis Obispo","CA"
"234",603,"OSL","SLO","CAYUCOS",35.4421659996613,-120.891209000395,"SLO","San Luis Obispo","CA"
"235",606,"MRO","SLO","MORRO BAY",35.3718419996087,-120.850634999905,"SLO","San Luis Obispo","CA"
"236",607,"OSL","SLO","OCEANO",NA,NA,"SLO","San Luis Obispo","CA"
"237",608,"OXN","VNT","OXNARD",34.1977050003856,-119.177335999856,"VNT","Ventura","CA"
"238",609,"OSL","SLO","SAN LUIS OBISPO",35.2695609998405,-120.670379999837,"SLO","San Luis Obispo","CA"
"239",611,"SB","SBA","SANTA BARBARA",34.4234029997488,-119.704416000298,"SBA","Santa Barbara","CA"
"240",613,"VEN","VNT","VENTURA",34.2715469998944,-119.267049000111,"VNT","Ventura","CA"
"241",614,"OBV","SBA","GOLETA",34.4356230003014,-119.830621999905,"SBA","Santa Barbara","CA"
"242",616,"OBV","SBA","SUMMERLAND",NA,NA,"SBA","Santa Barbara","CA"
"243",618,"OBV","SBA","GUADALUPE",34.9638899997239,-120.573898000392,"SBA","Santa Barbara","CA"
"244",619,"OBV","SBA","CONCEPTION",34.449082384994,-120.470832967308,"SBA","Santa Barbara","CA"
"245",620,"OBV","SBA","POINT ARGUELLO",34.577590681545,-120.648666404369,"SBA","Santa Barbara","CA"
"246",621,"OBV","SBA","SURF",34.6826789998362,-120.603777999655,"SBA","Santa Barbara","CA"
"247",623,"OBV","SBA","SANTA CRUZ ISLAND",NA,NA,"SBA","Santa Barbara","CA"
"248",628,"OBV","VNT","POINT MUGU",34.0856152408647,-119.060554355241,"VNT","Ventura","CA"
"249",630,"OBV","VNT","RINCON",33.2884370001676,-116.958687000405,"VNT","Ventura","CA"
"250",632,"OSL","SLO","CAMBRIA",35.5505429999596,-121.079847000339,"SLO","San Luis Obispo","CA"
"251",634,"OBV","VNT","SOLROMAR",34.0500662886508,-118.953697123045,"VNT","Ventura","CA"
"252",635,"OBV","SBA","CARPENTERIA",34.3955399999712,-119.514324999899,"SBA","Santa Barbara","CA"
"253",638,"OSL","SLO","GROVER CITY",35.1214920001559,-120.620245000007,"SLO","San Luis Obispo","CA"
"254",639,"OBV","SBA","LOMPOC",34.6609539998273,-120.471279000325,"SBA","Santa Barbara","CA"
"255",640,"OBV","VNT","SIMI VALLEY",34.2726989999591,-118.743860000139,"VNT","Ventura","CA"
"256",641,"OCA","ICA","PORTERVILLE",36.0767729998742,-119.026344000275,"ICA","Inland Counties","CA"
"257",643,"OCA","ICA","BAKERSFIELD",35.3734049997412,-119.018911000142,"ICA","Inland Counties","CA"
"258",646,"OCA","ICA","TULARE",36.1965479996907,-119.343599000393,"ICA","Inland Counties","CA"
"259",647,"OCA","ICA","SHAFTER",35.4705659999212,-119.188866000066,"ICA","Inland Counties","CA"
"260",648,"OSL","SLO","BAYWOOD PARK",35.3293309997262,-120.823280000172,"SLO","San Luis Obispo","CA"
"261",649,"OCA","ICA","OILDALE",35.4270800000422,-119.03014800033,"ICA","Inland Counties","CA"
"262",650,"OBV","VNT","OJAI",34.447704999886,-119.247111999819,"VNT","Ventura","CA"
"263",651,"OBV","VNT","WESTLAKE VILLAGE",34.1393589996184,-118.819769999686,"VNT","Ventura","CA"
"264",653,"OSL","SLO","ATASCADERO",35.4830089999656,-120.68372199997,"SLO","San Luis Obispo","CA"
"265",657,"OCA","ICA","MOJAVE",35.0536120003938,-118.174063000207,"ICA","Inland Counties","CA"
"266",700,"OLA","LAX","LOS ANGELES AREA",NA,NA,"LAX","Los Angeles","CA"
"267",703,"OLA","LAX","LANCASTER",34.6893649996953,-118.135228999918,"LAX","Los Angeles","CA"
"268",707,"OLA","ORG","WESTMINISTER",33.7592149996727,-117.989516000063,"ORG","Orange","CA"
"269",708,"OLA","LAX","COVINA",34.0907940002432,-117.881357999971,"LAX","Los Angeles","CA"
"270",710,"OLA","LAX","HAWAIIAN GARDENS",33.8314180000409,-118.072074000415,"LAX","Los Angeles","CA"
"271",711,"OLA","LAX","CARSON",33.8315919999711,-118.263743999886,"LAX","Los Angeles","CA"
"272",721,"OLA","ORG","ANAHEIM",33.8342680001683,-117.919434000379,"ORG","Orange","CA"
"273",724,"OLA","LAX","BELL GARDENS",33.965493000102,-118.151636000201,"LAX","Los Angeles","CA"
"274",729,"OLA","LAX","MALIBU",34.0257869998704,-118.764993999873,"LAX","Los Angeles","CA"
"275",730,"OLA","LAX","TORRANCE",33.8262160002684,-118.359912000139,"LAX","Los Angeles","CA"
"276",733,"OLA","LAX","CATALINA ISLAND",NA,NA,"LAX","Los Angeles","CA"
"277",734,"OSD","SDG","SAN CLEMENTE ISLAND",NA,NA,"SDG","San Diego","CA"
"278",736,"OLA","ORG","LOS ALAMITOS",33.8029809998734,-118.058828000212,"ORG","Orange","CA"
"279",738,"OLA","LAX","PACIFIC PALISADES",34.0474010001561,-118.525791000054,"LAX","Los Angeles","CA"
"280",741,"OLA","LAX","AVALON",33.3349920003807,-118.332089000407,"LAX","Los Angeles","CA"
"281",742,"OLA","LAX","REDONDO BEACH",33.8381829999457,-118.385413999856,"LAX","Los Angeles","CA"
"282",745,"TRM","LAX","TERMINAL ISLAND",33.7360459996234,-118.292333999914,"LAX","Los Angeles","CA"
"283",747,"OLA","LAX","SANTA MONICA",34.007954000377,-118.489691999986,"LAX","Los Angeles","CA"
"284",748,"NWB","ORG","NEWPORT BEACH",33.6213389996954,-117.930653999782,"ORG","Orange","CA"
"285",749,"OLA","ORG","LAGUNA",NA,NA,"ORG","Orange","CA"
"286",754,"OLA","RVS","ELSINORE",33.689759000078,-117.321537999679,"RVS","Riverside","CA"
"287",755,"OLA","RVS","NORCO",33.9242609998454,-117.558869999551,"RVS","Riverside","CA"
"288",759,"OLA","ORG","COSTA MESA",33.6525259998752,-117.918997000011,"ORG","Orange","CA"
"289",763,"OLA","LAX","ALHAMBRA",34.0915570003555,-118.134612000243,"LAX","Los Angeles","CA"
"290",764,"OLA","ORG","BALBOA",33.6019409999774,-117.899467999648,"ORG","Orange","CA"
"291",765,"OLA","ORG","CORONA DEL MAR",33.5966201865529,-117.871207532479,"ORG","Orange","CA"
"292",767,"DNA","ORG","DANA POINT",33.4727650001049,-117.697950000192,"ORG","Orange","CA"
"293",768,"OLA","ORG","HUNTINGTON BEACH",33.6647050003358,-118.012553000321,"ORG","Orange","CA"
"294",769,"OLA","ORG","RIVERSIDE",33.9474299998948,-117.400412000114,"ORG","Orange","CA"
"295",772,"OLA","ORG","CAPISTRANO",33.4648579996972,-117.671692999832,"ORG","Orange","CA"
"296",774,"OLA","LAX","INGLEWOOD",33.9597970000316,-118.3439349999,"LAX","Los Angeles","CA"
"297",775,"OLA","RVS","BEAUMONT",33.9325350000904,-116.966061999661,"RVS","Riverside","CA"
"298",776,"OLA","LAX","PLAYA DEL REY",33.9489570001656,-118.444738999905,"LAX","Los Angeles","CA"
"299",777,"OLA","LAX","LYNWOOD",33.9305009998216,-118.211648999601,"LAX","Los Angeles","CA"
"300",778,"OLA","LAX","PARAMOUNT",33.8981859997843,-118.168827999812,"LAX","Los Angeles","CA"
"301",779,"OLA","LAX","HARBOR CITY",33.7899339998544,-118.297476999664,"LAX","Los Angeles","CA"
"302",780,"OLA","ORG","FULLERTON",33.8703939996835,-117.924302000037,"ORG","Orange","CA"
"303",781,"OLA","LAX","WALNUT",34.0380060003768,-117.859646999709,"LAX","Los Angeles","CA"
"304",782,"OCA","ICA","VICTORVILLE",34.5069659996814,-117.330135999577,"ICA","Inland Counties","CA"
"305",783,"OCA","ICA","BISHOP",37.367644999917,-118.39532199991,"ICA","Inland Counties","CA"
"306",784,"OLA","SBN","SAN BERNARDINO",34.1359869997006,-117.29416099983,"SBN","San Bernadino","CA"
"307",787,"OBV","VNT","CAMARILLO",34.2126469996596,-119.03630900026,"VNT","Ventura","CA"
"308",788,"OCA","ICA","NEWBERRY SPRINGS",34.8277777777778,-116.6875,"ICA","Inland Counties","CA"
"309",789,"OLA","SBN","UPLAND",34.1069149999275,-117.651343000279,"SBN","San Bernadino","CA"
"310",790,"OLA","ORG","IRVINE",33.6714280001023,-117.791423000271,"ORG","Orange","CA"
"311",791,"OCA","ICA","YUCCA VALLEY",34.1209379999889,-116.422320999814,"ICA","Inland Counties","CA"
"312",792,"OLA","SBN","BLOOMINGTON",34.0631970001417,-117.396398000267,"SBN","San Bernadino","CA"
"313",796,"OLA","LAX","PASADENA",34.1458900004233,-118.132350000252,"LAX","Los Angeles","CA"
"314",799,"OCA","ICA","LAKE CROWLEY",NA,NA,"ICA","Inland Counties","CA"
"315",800,"OSD","SDG","SAN DIEGO AREA",NA,NA,"SDG","San Diego","CA"
"316",801,"OBV","VNT","THOUSAND OAKS",34.1997840000318,-118.868585999844,"VNT","Ventura","CA"
"317",802,"OLA","LAX","NEWHALL",34.3814500004174,-118.530043000084,"LAX","Los Angeles","CA"
"318",803,"OLA","LAX","RESEDA",34.2010849997732,-118.536041999738,"LAX","Los Angeles","CA"
"319",805,"OLA","LAX","CHATSWORTH",34.257230999811,-118.597313999641,"LAX","Los Angeles","CA"
"320",852,"OSD","SDG","POWAY",32.9863709999219,-117.023460999925,"SDG","San Diego","CA"
"321",856,"OCA","ICA","PALM SPRINGS",33.8014379997641,-116.543190999765,"ICA","Inland Counties","CA"
"322",551,"OCA","ICA","KERMAN",36.7226140001363,-120.060193999853,"ICA","Inland Counties","CA"
"323",509,"OCA","ICA","LINDSAY",36.2049519996353,-119.091378000094,"ICA","Inland Counties","CA"
"324",860,"OSD","SDG","SANTEE",32.8551700001955,-116.983141000357,"SDG","San Diego","CA"
"325",861,"OSD","SDG","FALLBROOK",33.3765450001519,-117.23817399993,"SDG","San Diego","CA"
"326",862,"OSD","SDG","SAN MARCOS",33.1385769997289,-117.174208999945,"SDG","San Diego","CA"
"327",864,"OSD","SDG","BONITA",32.6630659995964,-117.042098999669,"SDG","San Diego","CA"
"328",866,"OCA","ICA","IMPERIAL",32.8374909997101,-115.569961999746,"ICA","Inland Counties","CA"
"329",872,"OCA","ICA","WINTERHAVEN",32.7380769999538,-114.633228000072,"ICA","Inland Counties","CA"
"330",875,"OCA","ICA","NILAND",33.2391079997346,-115.519042999734,"ICA","Inland Counties","CA"
"331",877,"OSD","SDG","LEMON GROVE",32.7342319998071,-117.0320779998,"SDG","San Diego","CA"
"332",879,"OSD","SDG","EL CAJON",32.7949569996661,-116.962358999768,"SDG","San Diego","CA"
"333",882,"OSD","SDG","NATIONAL CITY",32.6695209995947,-117.095430000294,"SDG","San Diego","CA"
"334",883,"OCN","SDG","OCEANSIDE",33.1835859996943,-117.36923899968,"SDG","San Diego","CA"
"335",884,"OSD","SDG","CORONADO",32.6803479997607,-117.175966000031,"SDG","San Diego","CA"
"336",888,"OSD","SDG","LA JOLLA",32.8475209999945,-117.274609000205,"SDG","San Diego","CA"
"337",889,"OSD","SDG","CHULA VISTA",32.6413029996339,-117.09350899984,"SDG","San Diego","CA"
"338",890,"OSD","SDG","DEL MAR",32.9642939998684,-117.265191000264,"SDG","San Diego","CA"
"339",891,"OSD","SDG","CARLSBAD",33.1229619999966,-117.326899999635,"SDG","San Diego","CA"
"340",893,"OSD","SDG","CARDIFF",33.0190959999807,-117.282230000014,"SDG","San Diego","CA"
"341",894,"OSD","SDG","ENCINITAS",33.051766000201,-117.260929999819,"SDG","San Diego","CA"
"342",896,"OCA","ICA","OTHER CALIFORNIA PORTS",NA,NA,"ICA","Inland Counties","CA"
"343",897,"OSD","SDG","VISTA",33.2016020004322,-117.243469000394,"SDG","San Diego","CA"
"344",898,"OSD","SDG","LA MESA",32.7697019996479,-117.024804999851,"SDG","San Diego","CA"
"345",899,"OSD","SDG","ESCONDIDO",33.1216319998172,-117.08144400014,"SDG","San Diego","CA"
"346",2,"AST","CLP","ASTORIA",46.1858649996702,-123.813032000027,"CLP","Clatsop","OR"
"347",6,"CNB","CLP","CANNON BEACH",45.8880029999387,-123.962275999937,"CLP","Clatsop","OR"
"348",8,"NHL","TLM","NEHALEM BAY",45.7175549997637,-123.894225000383,"TLM","Tillamook","OR"
"349",10,"TLL","TLM","GARIBALDI (TILLAMOOK)",45.5618139997166,-123.904997999858,"TLM","Tillamook","OR"
"350",14,"SLK","TLM","SAND LAKE",45.3033310002257,-123.923047000319,"TLM","Tillamook","OR"
"351",16,"PCC","TLM","PACIFIC CITY",45.201849999578,-123.961701000401,"TLM","Tillamook","OR"
"352",18,"SRV","LCN","SALMON RIVER",45.0466666666666,-124.006111111111,"LCN","Lincoln","OR"
"353",20,"SLZ","LCN","SILETZ BAY",NA,NA,"LCN","Lincoln","OR"
"354",22,"DPO","LCN","DEPOE BAY",44.8089690004193,-124.061738000108,"LCN","Lincoln","OR"
"355",30,"FLR","LNE","FLORENCE",43.9909429999198,-124.101371000371,"LNE","Lane","OR"
"356",32,"WIN","DGL","WINCHESTER BAY",43.6749369998428,-124.173945999908,"DGL","Douglas","OR"
"357",34,"COS","COS","CHARLESTON (COOS BAY)",43.3400899996539,-124.329103000003,"COS","Coos","OR"
"358",36,"BDN","COS","BANDON",43.1158710001468,-124.414822000435,"COS","Coos","OR"
"359",42,"BRK","CRY","BROOKINGS",42.0585399996215,-124.29054299976,"CRY","Curry","OR"
"360",47,"WAL","UWO","WASHINGTON STATE",NA,NA,"UWO","Landed in Washington; Transported to Oregon","WA"
"361",105,"ANA","SKG","ANACORTES",48.4879559997698,-122.636488000421,"SKG","Skagit","WA"
"362",110,"BLL","WHT","BELLINGHAM BAY",48.7514480000254,-122.47257400029,"WHT","Whatcom","WA"
"363",115,"BLN","WHT","BLAINE",48.9940180004306,-122.751519000002,"WHT","Whatcom","WA"
"364",120,"OSP","KTS","BREMERTON",47.5650480000653,-122.632936000296,"KTS","Kitsap","WA"
"365",125,"ONP","ISL","COUPEVILLE",48.2122760004373,-122.682168999899,"ISL","Island","WA"
"366",126,"ONP","SNJ","DEER HARBOR",48.6127610004201,-122.995143999596,"SNJ","San Juan","WA"
"367",140,"LAC","SKG","LACONNER",NA,NA,"SKG","Skagit","WA"
"368",143,"ONP","ISL","WHIDBY ISLAND",NA,NA,"ISL","Island","WA"
"369",155,"OLY","THR","OLYMPIA",47.0449109996431,-122.901703000093,"THR","Thurston","WA"
"370",156,"ONP","WHT","POINT ROBERTS",48.9846789996364,-123.076648999951,"WHT","Whatcom","WA"
"371",160,"PAG","CLM","PORT ANGELES",48.1159219997008,-123.460881999604,"CLM","Clallam","WA"
"372",165,"TNS","JFE","PORT TOWNSEND",48.1201329996383,-122.790727999597,"JFE","Jefferson, East","WA"
"373",168,"OSP","JFE","QUILCENE",47.8242979998531,-122.875674000355,"JFE","Jefferson, East","WA"
"374",175,"SEQ","CLM","SEQUIM",48.0796380000938,-123.107675999947,"CLM","Clallam","WA"
"375",180,"SHL","MSN","SHELTON",47.2138050001009,-123.113412000064,"MSN","Mason","WA"
"376",181,"OSP","JFE","BRINNON",47.6804949999445,-122.899259999849,"JFE","Jefferson, East","WA"
"377",185,"ONP","SNO","STANWOOD",48.2410530000961,-122.370608999805,"SNO","Snohomish","WA"
"378",195,"ONP","ISL","WEST BEACH",48.685340000141,-122.955318000325,"ISL","Island","WA"
"379",210,"GRH","GHB","ABERDEEN",46.9755099998868,-123.815517000409,"GHB","Grays Harbor","WA"
"380",220,"GRH","GHB","BAY CITY",46.8643180001758,-124.061432000386,"GHB","Grays Harbor","WA"
"381",225,"OWA","LWS","CENTRALIA/CHEHALIS",NA,NA,"LWS","Lewis","WA"
"382",230,"CPL","GHB","COPALIS BEACH",47.1148550001584,-124.16888300025,"GHB","Grays Harbor","WA"
"383",235,"OWC","GHB","GRAYLAND",46.8099629999927,-124.093830999801,"GHB","Grays Harbor","WA"
"384",240,"GRH","GHB","HOQUIAM",46.9806420000284,-123.885626999586,"GHB","Grays Harbor","WA"
"385",245,"OWC","JFW","HOH",NA,NA,"JFW","Jefferson, West","WA"
"386",270,"OWC","GHB","MOCLIPS",47.2362259998303,-124.213599000194,"GHB","Grays Harbor","WA"
"387",275,"GRH","GHB","OAKVILLE",46.8408610003352,-123.232845000296,"GHB","Grays Harbor","WA"
"388",290,"OWC","GHB","TAHOLAH",47.3332089998956,-124.286406999683,"GHB","Grays Harbor","WA"
"389",310,"WLB","PFC","BAY CENTER",46.630949999643,-123.954506999598,"PFC","Pacific","WA"
"390",315,"OWC","GHB","GRAYLAND BEACH",NA,NA,"GHB","Grays Harbor","WA"
"391",340,"WLB","PFC","NASELLE",46.3661639999688,-123.809880000362,"PFC","Pacific","WA"
"392",345,"WLB","PFC","RAYMOND",46.6811960000956,-123.73427799973,"PFC","Pacific","WA"
"393",350,"WLB","PFC","SOUTH BEND",46.6642890001375,-123.806621000259,"PFC","Pacific","WA"
"394",401,"OCR","WKK","ALTOONA",46.2675470000943,-123.645337000002,"WKK","Wahkiakum","WA"
"395",403,"OCR","KLK","THE DALLES",45.5930549996887,-121.18100000025,"KLK","Klickitat","WA"
"396",404,"OCR","PFC","BROOKFIELD",46.2717149998476,-123.557645000316,"PFC","Pacific","WA"
"397",406,"OCR","CLK","CAMAS",45.5962559998148,-122.429466999902,"CLK","Clark","WA"
"398",407,"OCR","CWL","CARROLLS",46.0720319995773,-122.861006000227,"CWL","Cowiltz","WA"
"399",408,"OCR","WKK","CATHLAMET",46.204783999782,-123.382093000391,"WKK","Wahkiakum","WA"
"400",409,"LWC","PFC","CHINOOK",46.2729120001888,-123.945534000394,"PFC","Pacific","WA"
"401",419,"OCR","WKK","FRANKFORT",46.2769080001042,-123.75919999968,"WKK","Wahkiakum","WA"
"402",420,"OCR","WKK","GRAY'S BAY",NA,NA,"WKK","Wahkiakum","WA"
"403",422,"OCR","CWL","KALAMA",46.0076599997095,-122.844359999714,"CWL","Cowiltz","WA"
"404",424,"OCR","CWL","LONGVIEW",46.1475220004401,-122.962158000092,"CWL","Cowiltz","WA"
"405",426,"OCR","PFC","MEGLER",46.2490909997501,-123.862515000367,"PFC","Pacific","WA"
"406",431,"OCR","PFC","PACIFIC COUNTY",NA,NA,"PFC","Pacific","WA"
"407",432,"OCR","WKK","PUGET ISLAND",NA,NA,"WKK","Wahkiakum","WA"
"408",435,"LWC","PFC","SKAMOKAWA",46.2701949998995,-123.455659999809,"PFC","Pacific","WA"
"409",437,"OCR","CWL","STELLA",46.1901209998845,-123.11747000014,"CWL","Cowiltz","WA"
"410",438,"OCR","CLK","VANCOUVER",45.6401889996228,-122.671397999618,"CLK","Clark","WA"
"411",442,"OCR","WKK","WOODY ISLAND",NA,NA,"WKK","Wahkiakum","WA"
"412",999,"OWA","UWA","WDF RESOURCE STATISTICS USE",NA,NA,"UWA","Other or Unknown Washington","WA"
"413",496,"OSM","MRN","TIBURON",37.8903160002834,-122.478994999619,"MRN","Marin","CA"
"414",500,"OCM","MTY","MONTEREY AREA",NA,NA,"MTY","Monterey","CA"
"415",431,"OSM","MRN","MILL VALLEY",37.9044679999985,-122.54249099956,"MRN","Marin","CA"
"416",491,"OSM","MRN","CORTE MADERA",37.9251020000575,-122.518691000089,"MRN","Marin","CA"
"417",252,"OCA","ICA","COTTONWOOD",40.3906689998746,-122.280883999896,"ICA","Inland Counties","CA"
"418",258,"OCA","ICA","CITRUS HEIGHTS",38.694590999775,-121.290328000337,"ICA","Inland Counties","CA"
"419",332,"OCA","ICA","STEAMBOAT SLOUGH",NA,NA,"ICA","Inland Counties","CA"
"420",407,"OSM","SON","ROHNERT PARK",38.3472629995879,-122.692247999745,"SON","Sonoma","CA"
"421",414,"OSF","SMT","SAN BRUNO",37.6258370003774,-122.424371999668,"SMT","San Mateo","CA"
"422",704,"OLA","ORG","FOUNTAIN VALLEY",33.7044019999525,-117.945645999563,"ORG","Orange","CA"
"423",886,"OSD","SDG","MISSION BEACH",32.7825339996447,-117.252532000151,"SDG","San Diego","CA"
"424",466,"OSM","MRN","SAN QUENTIN",37.9414979998331,-122.483552000225,"MRN","Marin","CA"
"425",40,"GLD","CRY","GOLD BEACH",42.4124389997602,-124.420598999744,"CRY","Curry","OR"
"426",0,"OCA","UCA","unknown or missing port",NA,NA,"UCA","Other or Unknown California","CA"
"427",100,"OCA","UWO","NORTH OF CALIFORNIA",NA,NA,"UWO","Landed in Washington; Transported to Oregon","WA"
"428",200,"ERK","HMB","EUREKA AREA",NA,NA,"HMB","Humboldt","CA"
"429",201,"CRS","DNT","CRESCENT CITY",41.7581340003839,-124.198072000023,"DNT","Del Norte","CA"
"430",202,"ODN","DNT","REQUA",41.5462569998609,-124.051899999685,"DNT","Del Norte","CA"
"431",204,"OHB","HMB","ORICK",NA,NA,"HMB","Humboldt","CA"
"432",205,"OCA","ICA","YREKA",41.7315819999096,-122.635649000401,"ICA","Inland Counties","CA"
"433",206,"OCA","ICA","CHESTER",40.3020210001693,-121.235386000064,"ICA","Inland Counties","CA"
"434",207,"OCA","ICA","CENTERVILLE",NA,NA,"ICA","Inland Counties","CA"
"435",208,"OHB","HMB","BLUE LAKE",NA,NA,"HMB","Humboldt","CA"
"436",209,"OHB","HMB","CRANNELL",NA,NA,"HMB","Humboldt","CA"
"437",211,"ALB","MDO","ALBION",NA,NA,"MDO","Mendocino","CA"
"438",212,"OHB","HMB","ARCATA",NA,NA,"HMB","Humboldt","CA"
"439",213,"ARE","MDO","POINT ARENA",38.9089,-123.6931,"MDO","Mendocino","CA"
"440",215,"OHB","HMB","SHELTER COVE",40.0285920003207,-124.072575999882,"HMB","Humboldt","CA"
"441",217,"FLN","HMB","FIELDS LANDING",40.7244444444445,-124.215,"HMB","Humboldt","CA"
"442",219,"OHB","HMB","HUMBOLDT",NA,NA,"HMB","Humboldt","CA"
"443",221,"OHB","HMB","FORTUNA",40.5847360001665,-124.146768000243,"HMB","Humboldt","CA"
"444",222,"OMD","MDO","ELK",39.1323100722757,-123.718123716596,"MDO","Mendocino","CA"
"445",223,"BRG","MDO","FORT BRAGG",39.4458,-123.8053,"MDO","Mendocino","CA"
"446",224,"OHB","HMB","LOLETA",40.6407409999974,-124.226366999937,"HMB","Humboldt","CA"
"447",225,"OHB","HMB","RUTH",40.269057999927,-123.321589999978,"HMB","Humboldt","CA"
"448",226,"OMD","MDO","CASPAR",39.364954000427,-123.809700000155,"MDO","Mendocino","CA"
"449",227,"OMD","MDO","LITTLE RIVER",39.2722896552713,-123.79029707046,"MDO","Mendocino","CA"
"450",228,"OMD","MDO","MENDOCINO",NA,NA,"MDO","Mendocino","CA"
"451",230,"OHB","HMB","GARBERVILLE",40.0992969999568,-123.795006999773,"HMB","Humboldt","CA"
"452",233,"OMD","MDO","WESTPORT",NA,NA,"MDO","Mendocino","CA"
"453",235,"OHB","HMB","MOONSTONE BEACH",NA,NA,"HMB","Humboldt","CA"
"454",236,"OCA","ICA","BAYSIDE",40.8425340004441,-124.064040000146,"ICA","Inland Counties","CA"
"455",237,"OHB","HMB","WEOTT",NA,NA,"HMB","Humboldt","CA"
"456",239,"OHB","HMB","PETROLIA",NA,NA,"HMB","Humboldt","CA"
"457",240,"OMD","MDO","ALMANOR",NA,NA,"MDO","Mendocino","CA"
"458",243,"OMD","MDO","UKIAH",39.1499969999617,-123.207634999655,"MDO","Mendocino","CA"
"459",244,"OCA","ICA","REDDING",40.5731019996579,-122.376699000059,"ICA","Inland Counties","CA"
"460",246,"OHB","HMB","KING SALMON",NA,NA,"HMB","Humboldt","CA"
"461",247,"OSM","SON","CLOVERDALE",38.8025600001442,-123.015978999931,"SON","Sonoma","CA"
"462",249,"OCA","ICA","BIEBER",41.1215829995559,-121.144825000273,"ICA","Inland Counties","CA"
"463",250,"OCA","ICA","MCCLOUD",41.2522990002988,-122.136209000245,"ICA","Inland Counties","CA"
"464",251,"OCA","ICA","FALL RIVER MILLS",41.0040289996389,-121.438681999674,"ICA","Inland Counties","CA"
"465",253,"OCA","ICA","ROUGH & READY",39.230507000298,-121.135010000011,"ICA","Inland Counties","CA"
"466",254,"OCA","ICA","TAHOE KEYS",38.936393983855,-120.0136669634,"ICA","Inland Counties","CA"
"467",255,"OHB","HMB","CARLOTTA",NA,NA,"HMB","Humboldt","CA"
"468",257,"OCA","ICA","OROVILLE",39.5003290001834,-121.550868000258,"ICA","Inland Counties","CA"
"469",259,"OSF","CNC","CONCORD",37.9765120002289,-122.028783999782,"CNC","Contra Costa","CA"
"470",260,"OCA","ICA","AUBURN",38.8929910002347,-121.076417999591,"ICA","Inland Counties","CA"
"471",261,"OSM","SON","OCCIDENTAL",38.4084500000676,-122.937504999956,"SON","Sonoma","CA"
"472",269,"OCA","ICA","CORNING",39.9279020001773,-122.17949599994,"ICA","Inland Counties","CA"
"473",271,"OCA","ICA","ORLAND",39.7473489998567,-122.187426999656,"ICA","Inland Counties","CA"
"474",272,"OCA","ICA","WEED",41.4227539998974,-122.387474999671,"ICA","Inland Counties","CA"
"475",274,"OHB","HMB","HONEYDEW",NA,NA,"HMB","Humboldt","CA"
"476",275,"OMD","MDO","WILLITS",39.4041159996539,-123.351637999794,"MDO","Mendocino","CA"
"477",276,"OCA","ICA","ARBUCKLE",39.0203049996763,-122.061240000026,"ICA","Inland Counties","CA"
"478",278,"OCA","ICA","DOUGLAS CITY",40.6512570002106,-122.939331999672,"ICA","Inland Counties","CA"
"479",300,"OCA","ICA","SACRAMENTO AREA",NA,NA,"ICA","Inland Counties","CA"
"480",302,"OCA","ICA","DIXON",38.4528420003583,-121.823986000154,"ICA","Inland Counties","CA"
"481",303,"OCA","ICA","CAMP CONNELL",38.3082740002451,-120.277759000078,"ICA","Inland Counties","CA"
"482",304,"OSF","CNC","DANVILLE",37.8161110002227,-121.968276000037,"CNC","Contra Costa","CA"
"483",305,"OCA","ICA","WEST SACRAMENTO",38.5511329995885,-121.550157999892,"ICA","Inland Counties","CA"
"484",307,"OSF","CNC","PLEASANT HILL",37.9479410001772,-122.077744000285,"CNC","Contra Costa","CA"
"485",309,"OCA","ICA","SMARTSVILLE",39.203319000172,-121.297787999916,"ICA","Inland Counties","CA"
"486",310,"OCA","ICA","OLIVEHURST",39.0844340000293,-121.55176100007,"ICA","Inland Counties","CA"
"487",311,"OCA","ICA","GUSTINE",37.253009999712,-121.003477000263,"ICA","Inland Counties","CA"
"488",312,"OCA","ICA","TAHOE CITY",39.1729309999658,-120.138698000312,"ICA","Inland Counties","CA"
"489",315,"OCA","ICA","MARYSVILLE",39.1543199996685,-121.583360000364,"ICA","Inland Counties","CA"
"490",317,"OCA","ICA","FAIR OAKS",38.6469499998429,-121.251305000325,"ICA","Inland Counties","CA"
"491",318,"OCA","ICA","BYRON",37.8674820003941,-121.63839999976,"ICA","Inland Counties","CA"
"492",319,"OCA","ICA","DAVIS",38.5527820000895,-121.734778999851,"ICA","Inland Counties","CA"
"493",321,"OCA","ICA","SNELLING",37.5189169998198,-120.4401039998,"ICA","Inland Counties","CA"
"494",322,"OCA","ICA","FREEPORT",38.4619444444446,-121.501666666667,"ICA","Inland Counties","CA"
"495",323,"OSF","CNC","BRENTWOOD",37.9325530001211,-121.717731999732,"CNC","Contra Costa","CA"
"496",324,"OCA","ICA","BETHEL ISLAND",38.0280989995694,-121.640507999844,"ICA","Inland Counties","CA"
"497",326,"OCA","ICA","MONTEZUMA SLOUGH",NA,NA,"ICA","Inland Counties","CA"
"498",327,"OCA","ICA","NICE",39.1227719999281,-122.854140000161,"ICA","Inland Counties","CA"
"499",328,"OCA","ICA","DENVERTON",38.2274830004403,-121.895940999877,"ICA","Inland Counties","CA"
"500",329,"OSF","SOL","BIRDS LANDING",38.1329399995816,-121.867352999941,"SOL","Solano","CA"
"501",331,"OCA","ICA","THREE MILE SLOUGH",NA,NA,"ICA","Inland Counties","CA"
"502",337,"OCA","ICA","WOODBRIDGE",38.1624050003906,-121.317066000395,"ICA","Inland Counties","CA"
"503",338,"OCA","ICA","LATHROP",37.8050809996886,-121.311470999587,"ICA","Inland Counties","CA"
"504",341,"OSF","SOL","BENICIA",38.0725099998368,-122.146173000184,"SOL","Solano","CA"
"505",342,"OSF","SOL","COLLINSVILLE",38.0750049997812,-121.85036099966,"SOL","Solano","CA"
"506",343,"OCA","ICA","COURTLAND",38.3328440001507,-121.568742999889,"ICA","Inland Counties","CA"
"507",345,"OSF","CNC","PITTSBURG",38.0143719996684,-121.897412000263,"CNC","Contra Costa","CA"
"508",346,"OCA","ICA","LOCKE",38.2500479996157,-121.509950000092,"ICA","Inland Counties","CA"
"509",349,"OCA","ICA","ISLETON",38.1625940001131,-121.608678999736,"ICA","Inland Counties","CA"
"510",350,"OCA","ICA","BRYTE",38.5947222222223,-121.541666666667,"ICA","Inland Counties","CA"
"511",351,"OSF","SOL","RIO VISTA",38.1732709996572,-121.712712000258,"SOL","Solano","CA"
"512",352,"OCA","ICA","STOCKTON",37.9575849997482,-121.291114999757,"ICA","Inland Counties","CA"
"513",354,"OCA","ICA","WALNUT GROVE",38.2436719996632,-121.512524000082,"ICA","Inland Counties","CA"
"514",356,"OSF","CNC","ANTIOCH",37.980950999889,-121.80557900027,"CNC","Contra Costa","CA"
"515",357,"OSF","CNC","CROCKETT",38.0523859999141,-122.220915999873,"CNC","Contra Costa","CA"
"516",359,"OCA","ICA","ACAMPO",38.1747050001359,-121.278023000361,"ICA","Inland Counties","CA"
"517",360,"OSF","CNC","ANTIOCH BRIDGE",38.019313377134,-121.751516371408,"CNC","Contra Costa","CA"
"518",361,"OCA","ICA","CLEAR LAKE",38.961814000316,-122.631261000395,"ICA","Inland Counties","CA"
"519",362,"OCA","ICA","BRODERICK",38.5911111111112,-121.517222222222,"ICA","Inland Counties","CA"
"520",363,"OCA","ICA","CLARKSBURG",38.4205779999748,-121.527410000371,"ICA","Inland Counties","CA"
"521",364,"OCA","ICA","ELK GROVE",38.4031959996959,-121.371457999587,"ICA","Inland Counties","CA"
"522",365,"OCA","ICA","COLUSA",39.2077759997629,-122.010414999852,"ICA","Inland Counties","CA"
"523",366,"OCA","ICA","KNIGHTS LANDING",38.7997679999935,-121.717862000331,"ICA","Inland Counties","CA"
"524",367,"OSF","CNC","PORT COSTA",38.0457089995709,-122.190775000266,"CNC","Contra Costa","CA"
"525",368,"OCA","ICA","HOOD",38.3683139999914,-121.519317000379,"ICA","Inland Counties","CA"
"526",369,"OCA","ICA","VERONA",38.7861349999306,-121.618493999998,"ICA","Inland Counties","CA"
"527",371,"OCA","ICA","LUCERNE",NA,NA,"ICA","Inland Counties","CA"
"528",372,"OCA","ICA","MIDDLE RIVER",NA,NA,"ICA","Inland Counties","CA"
"529",377,"OCA","ICA","UPPER LAKE",39.1622439999609,-122.911475000171,"ICA","Inland Counties","CA"
"530",378,"OCA","ICA","TRACY",37.7397260003548,-121.436410000121,"ICA","Inland Counties","CA"
"531",379,"OCA","ICA","MANTECA",37.799137999919,-121.228858000296,"ICA","Inland Counties","CA"
"532",388,"OCA","ICA","TRUCKEE",39.345294000318,-120.173003000388,"ICA","Inland Counties","CA"
"533",391,"OCA","ICA","MONO LAKE",NA,NA,"ICA","Inland Counties","CA"
"534",395,"OCA","ICA","NICOLAUS",38.9041979999379,-121.578257999807,"ICA","Inland Counties","CA"
"535",397,"OCA","ICA","YOLO",38.7336670004319,-121.805661999601,"ICA","Inland Counties","CA"
"536",398,"OCA","ICA","CORDELIA",38.2104859999292,-122.135937000292,"ICA","Inland Counties","CA"
"537",400,"OSF","SFO","SAN FRANCISCO AREA",NA,NA,"SFO","San Francisco","CA"
"538",190,"TAC","PRC","TACOMA",47.2445420002134,-122.442563000382,"PRC","Pierce","WA"
"539",656,"OCA","ICA","TAFT",35.1370380003037,-119.421012000004,"ICA","Inland Counties","CA"
"540",857,"OCA","ICA","TECOPA",35.8483370001526,-116.225609999901,"ICA","Inland Counties","CA"
"541",855,"OCA","ICA","THERMAL",33.6405349999905,-116.139537000232,"ICA","Inland Counties","CA"
"542",238,"OCA","ICA","THORN",34.4762959999607,-117.277304000379,"ICA","Inland Counties","CA"
"543",360,"WLB","PFC","TOKELAND",46.7059789999312,-123.980537000282,"PFC","Pacific","WA"
"544",751,"OLA","LAX","TOPANGA CANYON",34.0933840000716,-118.60207000043,"LAX","Los Angeles","CA"
"545",231,"TRN","HMB","TRINIDAD",41.06178700027,-124.13992999967,"HMB","Humboldt","CA"
"546",320,"OCA","ICA","TURLOCK",37.503407000433,-120.854294999614,"ICA","Inland Counties","CA"
"547",262,"OSF","SOL","VACAVILLE",38.3551770003184,-121.98145699994,"SOL","Solano","CA"
"548",859,"OSD","SDG","VALLEY CENTER",33.2052220000954,-117.012885999689,"SDG","San Diego","CA"
"549",753,"OLA","LAX","VENICE",33.9890510001038,-118.462437000367,"LAX","Los Angeles","CA"
"550",785,"OLA","LAX","VERNON",34.002009999662,-118.219647999755,"LAX","Los Angeles","CA"
"551",508,"OCA","ICA","VISALIA",36.3301650002149,-119.292364000198,"ICA","Inland Counties","CA"
"552",26,"WLD","LCN","WALDPORT",44.4221070000382,-124.072682000274,"LCN","Lincoln","OR"
"553",314,"OSF","CNC","WALNUT CREEK",37.906256999761,-122.06432200006,"CNC","Contra Costa","CA"
"554",440,"OCR","CLK","WASHOUGAL",45.5811290001034,-122.353813999616,"CLK","Clark","WA"
"555",270,"OCA","ICA","WEAVERVILLE",40.7720029998388,-122.95217400013,"ICA","Inland Counties","CA"
"556",750,"OLA","LAX","WEST LOS ANGELES",34.0405730000442,-118.463320999764,"LAX","Los Angeles","CA"
"557",295,"WPT","GHB","WESTPORT",46.8868460003429,-124.111572000447,"GHB","Grays Harbor","WA"
"558",263,"OCA","ICA","WHITEHORN",40.0231414163651,-123.94171727367,"ICA","Inland Counties","CA"
"559",727,"OLA","LAX","WHITTIER",33.9657779997551,-118.037397000271,"LAX","Los Angeles","CA"
"560",273,"OCA","ICA","WILLOWS",39.5141010003612,-122.200628999628,"ICA","Inland Counties","CA"
"561",746,"WLM","LAX","WILMINGTON",33.7799699999159,-118.262442000098,"LAX","Los Angeles","CA"
"562",390,"OCA","ICA","WOODLAND",38.6774030003484,-121.765404000194,"ICA","Inland Counties","CA"
"563",28,"YAC","LCN","YACHATS",44.3101449998921,-124.100175000076,"LCN","Lincoln","OR"
"564",374,"OCA","ICA","YUBA CITY",39.132220000353,-121.625147000134,"ICA","Inland Counties","CA"
